expense_id,amount,merchant,description,category
SEED0,2713.64,Swiggy,bought groceries at dmart,Food & Dining
SEED1,1664.92,Metro,uber ride to office,Transport
SEED2,3718.48,Mall,clothes from zara,Shopping
SEED3,3170.99,Electricity Board,electricity bill payment bescom,Utilities
SEED4,1542.51,Apollo,doctor consultation fee,Health
SEED5,877.49,PVR,movie tickets pvr inox,Entertainment
SEED6,3596.62,Udemy,udemy course online learning,Education
SEED7,735.48,OYO,hotel booking oyo makemytrip,Travel
SEED8,4382.71,Nykaa,face wash cetaphil,Personal Care
SEED9,585.27,Reliance Digital,laptop purchase dell hp,Electronics
SEED10,1363.55,ATM,miscellaneous expense,Other
SYN0,7749.67,Jio,wifi bill,Utilities
SYN1,1830.85,Bank,bank charges,Other
SYN2,7846.59,Mall,payment,Shopping
SYN3,5529.58,MedPlus,pharmacy,Health
SYN4,7158.49,ATM,bank charges,Other
SYN5,8158.49,Reliance Digital,payment,Electronics
SYN6,8567.19,College,books purchase,Education
SYN7,5231.89,PVR,spotify premium,Entertainment
SYN8,2107.34,Bank,bank charges,Other
SYN9,5698.91,Apollo,pharmacy,Health
SYN10,760.64,Croma,laptop repair,Electronics
SYN11,5820.43,Udemy,payment,Education
SYN12,3243.23,Mall,clothes shopping,Shopping
SYN13,7701.96,ATM,cash withdrawal,Other
SYN14,1592.75,Nykaa,salon visit,Personal Care
SYN15,5189.67,Airtel,payment,Utilities
SYN16,1954.2,Apollo,pharmacy,Health
SYN17,3575.58,Zomato,payment,Food & Dining
SYN18,5618.14,Bank,payment,Other
SYN19,6309.3,OYO,hotel stay,Travel
SYN20,3993.27,Amazon,amazon purchase,Shopping
SYN21,458.29,IRCTC,hotel stay,Travel
SYN22,7594.8,MedPlus,pharmacy,Health
SYN23,1384.12,OYO,train ticket,Travel
SYN24,7421.93,Apollo,payment,Health
SYN25,9584.0,OYO,trip package,Travel
SYN26,7273.54,Croma,charger buy,Electronics
SYN27,2563.12,Amazon,flipkart order,Shopping
SYN28,581.32,OYO,train ticket,Travel
SYN29,4839.85,Jio,gas bill,Utilities
SYN30,584.7,Mall,clothes shopping,Shopping
SYN31,155.01,College,books purchase,Education
SYN32,7162.47,Swiggy,zomato order,Food & Dining
SYN33,9669.47,Jio,gas bill,Utilities
SYN34,236.33,Bank,bank charges,Other
SYN35,803.36,IRCTC,hotel stay,Travel
SYN36,1413.57,Salon,shampoo purchase,Personal Care
SYN37,5652.54,College,payment,Education
SYN38,3471.58,Zomato,zomato order,Food & Dining
SYN39,8055.43,MedPlus,doctor visit,Health
SYN40,5195.21,Bank,bank charges,Other
SYN41,9823.4,Croma,payment,Electronics
SYN42,636.23,Uber,ola cab,Transport
SYN43,7055.09,Reliance Digital,phone purchase,Electronics
SYN44,8539.24,Udemy,books purchase,Education
SYN45,2186.16,Reliance Digital,phone purchase,Electronics
SYN46,3084.84,Reliance Digital,payment,Electronics
SYN47,2460.7,Apollo,pharmacy,Health
SYN48,8447.67,College,course fee,Education
SYN49,5507.65,Croma,charger buy,Electronics
SYN50,1352.27,MedPlus,hospital bill,Health
SYN51,4078.61,Udemy,course fee,Education
SYN52,3311.57,College,tuition fee,Education
SYN53,3670.95,Uber,payment,Transport
SYN54,784.86,Apollo,medicine purchase,Health
SYN55,9013.06,College,course fee,Education
SYN56,5328.31,Swiggy,swiggy delivery,Food & Dining
SYN57,1942.95,Bank,cash withdrawal,Other
SYN58,8978.55,Ola,petrol refill,Transport
SYN59,8061.72,MedPlus,payment,Health
SYN60,2291.56,College,course fee,Education
SYN61,1054.88,Flipkart,amazon purchase,Shopping
SYN62,1284.73,Ola,metro recharge,Transport
SYN63,5757.97,Croma,laptop repair,Electronics
SYN64,2849.63,Mall,amazon purchase,Shopping
SYN65,7939.56,Swiggy,swiggy delivery,Food & Dining
SYN66,3510.3,Flipkart,flipkart order,Shopping
SYN67,897.19,Amazon,amazon purchase,Shopping
SYN68,5006.42,Local Hotel,zomato order,Food & Dining
SYN69,7450.03,Salon,shampoo purchase,Personal Care
SYN70,5825.84,Metro,metro recharge,Transport
SYN71,1765.0,Mall,payment,Shopping
SYN72,9482.3,Apollo,pharmacy,Health
SYN73,5464.95,Local Hotel,zomato order,Food & Dining
SYN74,6691.48,ATM,bank charges,Other
SYN75,4672.11,OYO,hotel stay,Travel
SYN76,7971.48,College,books purchase,Education
SYN77,1794.5,Nykaa,salon visit,Personal Care
SYN78,6478.93,ATM,cash withdrawal,Other
SYN79,3459.57,Amazon,amazon purchase,Shopping
SYN80,2649.82,Flipkart,flipkart order,Shopping
SYN81,6366.71,PVR,movie ticket,Entertainment
SYN82,5750.25,Jio,mobile recharge,Utilities
SYN83,5558.79,Apollo,pharmacy,Health
SYN84,8035.79,Airtel,wifi bill,Utilities
SYN85,5555.94,Nykaa,salon visit,Personal Care
SYN86,997.78,Salon,shampoo purchase,Personal Care
SYN87,4204.82,Amazon,flipkart order,Shopping
SYN88,2089.42,Local Hotel,payment,Food & Dining
SYN89,4535.91,Mall,mall shopping,Shopping
SYN90,127.42,ATM,cash withdrawal,Other
SYN91,6570.13,Reliance Digital,charger buy,Electronics
SYN92,2544.67,IRCTC,trip package,Travel
SYN93,1324.32,IRCTC,hotel stay,Travel
SYN94,3300.71,Apollo,doctor visit,Health
SYN95,3973.81,MedPlus,pharmacy,Health
SYN96,4698.21,Salon,skincare products,Personal Care
SYN97,8728.65,Ola,petrol refill,Transport
SYN98,381.81,Reliance Digital,laptop repair,Electronics
SYN99,9846.08,Swiggy,biryani order,Food & Dining
SYN100,2135.86,Mall,payment,Shopping
SYN101,4266.91,Salon,salon visit,Personal Care
SYN102,4135.99,IRCTC,flight booking,Travel
SYN103,9731.86,OYO,hotel stay,Travel
SYN104,1590.87,Nykaa,skincare products,Personal Care
SYN105,8128.12,Jio,mobile recharge,Utilities
SYN106,8946.11,Apollo,payment,Health
SYN107,792.39,PVR,payment,Entertainment
SYN108,5439.16,OYO,trip package,Travel
SYN109,3999.27,MedPlus,pharmacy,Health
SYN110,5704.44,Apollo,medicine purchase,Health
SYN111,7735.23,Reliance Digital,payment,Electronics
SYN112,4391.74,Mall,mall shopping,Shopping
SYN113,7854.51,Metro,ola cab,Transport
SYN114,4361.84,Jio,wifi bill,Utilities
SYN115,751.54,Metro,payment,Transport
SYN116,4048.93,Udemy,course fee,Education
SYN117,5027.58,MedPlus,doctor visit,Health
SYN118,6258.89,Bank,bank charges,Other
SYN119,5142.48,Zomato,zomato order,Food & Dining
SYN120,7221.82,Netflix,payment,Entertainment
SYN121,6420.29,Nykaa,salon visit,Personal Care
SYN122,2029.71,PVR,netflix subscription,Entertainment
SYN123,9222.11,Flipkart,payment,Shopping
SYN124,5781.63,Swiggy,payment,Food & Dining
SYN125,3713.97,Bank,misc expense,Other
SYN126,8799.72,Electricity Board,wifi bill,Utilities
SYN127,5664.75,Nykaa,skincare products,Personal Care
SYN128,95.88,Bank,cash withdrawal,Other
SYN129,1131.8,Ola,ola cab,Transport
SYN130,3331.55,College,payment,Education
SYN131,3202.02,Apollo,hospital bill,Health
SYN132,3300.07,Bank,bank charges,Other
SYN133,9826.96,Amazon,flipkart order,Shopping
SYN134,3560.17,OYO,trip package,Travel
SYN135,1881.71,College,payment,Education
SYN136,8942.95,Apollo,doctor visit,Health
SYN137,6272.93,ATM,bank charges,Other
SYN138,6274.37,PVR,netflix subscription,Entertainment
SYN139,9344.37,PVR,netflix subscription,Entertainment
SYN140,1598.81,Salon,skincare products,Personal Care
SYN141,9753.29,Reliance Digital,charger buy,Electronics
SYN142,3438.08,Zomato,biryani order,Food & Dining
SYN143,8182.07,Nykaa,salon visit,Personal Care
SYN144,3539.16,Croma,phone purchase,Electronics
SYN145,9123.21,Apollo,doctor visit,Health
SYN146,8869.27,Netflix,spotify premium,Entertainment
SYN147,8329.06,Zomato,zomato order,Food & Dining
SYN148,2252.0,Zomato,biryani order,Food & Dining
SYN149,6096.63,Zomato,zomato order,Food & Dining
SYN150,280.22,Udemy,exam fee,Education
SYN151,6537.75,Netflix,netflix subscription,Entertainment
SYN152,714.92,Croma,laptop repair,Electronics
SYN153,2329.61,IRCTC,hotel stay,Travel
SYN154,624.96,PVR,payment,Entertainment
SYN155,5426.33,Reliance Digital,laptop repair,Electronics
SYN156,6838.79,College,course fee,Education
SYN157,3872.05,Salon,shampoo purchase,Personal Care
SYN158,1689.85,Swiggy,dosa breakfast,Food & Dining
SYN159,4603.76,Mall,clothes shopping,Shopping
SYN160,4981.4,Uber,ola cab,Transport
SYN161,9110.95,Amazon,amazon purchase,Shopping
SYN162,4215.6,Airtel,payment,Utilities
SYN163,7773.42,Swiggy,payment,Food & Dining
SYN164,5118.05,Netflix,netflix subscription,Entertainment
SYN165,8026.28,Amazon,payment,Shopping
SYN166,2995.81,ATM,payment,Other
SYN167,2833.49,Mall,clothes shopping,Shopping
SYN168,7264.93,Flipkart,payment,Shopping
SYN169,3630.45,Udemy,course fee,Education
SYN170,4495.23,Croma,charger buy,Electronics
SYN171,3998.32,Zomato,dosa breakfast,Food & Dining
SYN172,79.1,Uber,metro recharge,Transport
SYN173,526.44,Apollo,payment,Health
SYN174,1022.34,Jio,mobile recharge,Utilities
SYN175,355.88,Metro,uber ride,Transport
SYN176,9068.55,IRCTC,hotel stay,Travel
SYN177,3983.29,Uber,petrol refill,Transport
SYN178,6708.05,College,exam fee,Education
SYN179,1404.29,ATM,cash withdrawal,Other
SYN180,3934.68,Uber,payment,Transport
SYN181,2429.95,Amazon,clothes shopping,Shopping
SYN182,3009.98,Salon,skincare products,Personal Care
SYN183,116.83,Bank,cash withdrawal,Other
SYN184,7410.8,Apollo,hospital bill,Health
SYN185,9207.6,Mall,amazon purchase,Shopping
SYN186,593.96,PVR,movie ticket,Entertainment
SYN187,6120.46,Salon,skincare products,Personal Care
SYN188,7402.03,Metro,uber ride,Transport
SYN189,8232.44,Nykaa,payment,Personal Care
SYN190,826.6,Zomato,swiggy delivery,Food & Dining
SYN191,4058.92,OYO,hotel stay,Travel
SYN192,5233.32,Mall,amazon purchase,Shopping
SYN193,9406.76,Swiggy,payment,Food & Dining
SYN194,6788.68,Apollo,medicine purchase,Health
SYN195,6579.4,Reliance Digital,laptop repair,Electronics
SYN196,3321.52,Salon,salon visit,Personal Care
SYN197,8500.28,Apollo,doctor visit,Health
SYN198,8944.23,Flipkart,payment,Shopping
SYN199,4028.7,Electricity Board,wifi bill,Utilities
SYN200,5711.07,Reliance Digital,payment,Electronics
SYN201,2473.18,Salon,skincare products,Personal Care
SYN202,7140.86,Swiggy,swiggy delivery,Food & Dining
SYN203,9135.87,IRCTC,trip package,Travel
SYN204,6448.64,Reliance Digital,charger buy,Electronics
SYN205,9169.42,IRCTC,trip package,Travel
SYN206,8616.91,IRCTC,train ticket,Travel
SYN207,1186.64,IRCTC,hotel stay,Travel
SYN208,1167.75,Electricity Board,mobile recharge,Utilities
SYN209,5007.9,Amazon,amazon purchase,Shopping
SYN210,5660.73,Electricity Board,mobile recharge,Utilities
SYN211,3327.09,Electricity Board,wifi bill,Utilities
SYN212,3541.54,PVR,payment,Entertainment
SYN213,738.89,Mall,mall shopping,Shopping
SYN214,2905.57,College,books purchase,Education
SYN215,8221.07,Mall,amazon purchase,Shopping
SYN216,7516.47,Jio,mobile recharge,Utilities
SYN217,6542.36,Mall,amazon purchase,Shopping
SYN218,7813.5,ATM,misc expense,Other
SYN219,150.73,Ola,payment,Transport
SYN220,4569.77,Local Hotel,zomato order,Food & Dining
SYN221,2313.34,Netflix,movie ticket,Entertainment
SYN222,4845.98,Uber,metro recharge,Transport
SYN223,3529.6,Flipkart,mall shopping,Shopping
SYN224,6640.57,Salon,shampoo purchase,Personal Care
SYN225,4192.57,Bank,bank charges,Other
SYN226,9427.87,Zomato,dosa breakfast,Food & Dining
SYN227,428.51,Nykaa,skincare products,Personal Care
SYN228,1707.77,OYO,flight booking,Travel
SYN229,9541.16,Jio,mobile recharge,Utilities
SYN230,4942.64,IRCTC,trip package,Travel
SYN231,5759.76,OYO,flight booking,Travel
SYN232,5030.22,Uber,petrol refill,Transport
SYN233,2679.85,Bank,cash withdrawal,Other
SYN234,1699.54,OYO,train ticket,Travel
SYN235,4837.41,Flipkart,clothes shopping,Shopping
SYN236,3339.92,Ola,ola cab,Transport
SYN237,2602.55,Jio,payment,Utilities
SYN238,1650.4,MedPlus,payment,Health
SYN239,2032.61,OYO,hotel stay,Travel
SYN240,1094.49,Amazon,payment,Shopping
SYN241,9843.61,PVR,movie ticket,Entertainment
SYN242,4713.49,Electricity Board,electricity bill,Utilities
SYN243,1218.45,Nykaa,salon visit,Personal Care
SYN244,2927.92,Nykaa,payment,Personal Care
SYN245,1858.59,Croma,charger buy,Electronics
SYN246,8705.44,Metro,petrol refill,Transport
SYN247,3598.69,Metro,petrol refill,Transport
SYN248,4196.66,Udemy,payment,Education
SYN249,343.56,Local Hotel,dosa breakfast,Food & Dining
SYN250,6556.91,Bank,bank charges,Other
SYN251,2381.56,Nykaa,payment,Personal Care
SYN252,5085.67,Electricity Board,payment,Utilities
SYN253,8396.1,Metro,petrol refill,Transport
SYN254,6480.22,Jio,gas bill,Utilities
SYN255,6703.92,IRCTC,flight booking,Travel
SYN256,9069.35,Swiggy,zomato order,Food & Dining
SYN257,1913.64,Reliance Digital,charger buy,Electronics
SYN258,5522.15,Airtel,mobile recharge,Utilities
SYN259,9788.02,Salon,skincare products,Personal Care
SYN260,5979.34,Salon,skincare products,Personal Care
SYN261,2942.0,Nykaa,skincare products,Personal Care
SYN262,8274.23,PVR,movie ticket,Entertainment
SYN263,7696.04,Mall,amazon purchase,Shopping
SYN264,3022.69,Airtel,payment,Utilities
SYN265,9582.04,Apollo,hospital bill,Health
SYN266,1414.17,Nykaa,payment,Personal Care
SYN267,314.52,Metro,payment,Transport
SYN268,6418.48,College,course fee,Education
SYN269,1173.01,OYO,trip package,Travel
SYN270,8038.79,Croma,charger buy,Electronics
SYN271,8430.26,Salon,payment,Personal Care
SYN272,1424.98,Udemy,course fee,Education
SYN273,5155.58,Zomato,biryani order,Food & Dining
SYN274,8604.03,Amazon,flipkart order,Shopping
SYN275,5805.37,Metro,metro recharge,Transport
SYN276,1065.57,MedPlus,pharmacy,Health
SYN277,9552.11,PVR,payment,Entertainment
SYN278,6255.15,Apollo,payment,Health
SYN279,6186.95,Jio,electricity bill,Utilities
SYN280,3987.18,Udemy,exam fee,Education
SYN281,3214.95,College,tuition fee,Education
SYN282,906.76,Local Hotel,zomato order,Food & Dining
SYN283,2914.56,Amazon,mall shopping,Shopping
SYN284,6632.75,College,payment,Education
SYN285,2678.66,PVR,movie ticket,Entertainment
SYN286,2528.58,Airtel,gas bill,Utilities
SYN287,5100.13,Apollo,hospital bill,Health
SYN288,9988.15,Salon,payment,Personal Care
SYN289,5970.43,OYO,train ticket,Travel
SYN290,8920.62,Jio,electricity bill,Utilities
SYN291,3601.78,Nykaa,shampoo purchase,Personal Care
SYN292,5308.93,Udemy,course fee,Education
SYN293,7304.95,Uber,payment,Transport
SYN294,1161.4,Udemy,course fee,Education
SYN295,2056.48,Salon,skincare products,Personal Care
SYN296,2271.55,PVR,payment,Entertainment
SYN297,341.41,Flipkart,mall shopping,Shopping
SYN298,8947.26,MedPlus,pharmacy,Health
SYN299,4007.84,Mall,flipkart order,Shopping
SYN300,8115.02,Airtel,mobile recharge,Utilities
SYN301,4392.63,Bank,payment,Other
SYN302,9646.12,Apollo,hospital bill,Health
SYN303,1291.76,Salon,skincare products,Personal Care
SYN304,9446.99,Reliance Digital,laptop repair,Electronics
SYN305,8202.86,Udemy,exam fee,Education
SYN306,6760.46,Zomato,swiggy delivery,Food & Dining
SYN307,5315.73,Zomato,swiggy delivery,Food & Dining
SYN308,9225.18,Croma,phone purchase,Electronics
SYN309,1922.56,MedPlus,hospital bill,Health
SYN310,499.54,Mall,payment,Shopping
SYN311,2849.49,ATM,payment,Other
SYN312,241.41,Croma,charger buy,Electronics
SYN313,1892.0,ATM,bank charges,Other
SYN314,5077.61,Netflix,payment,Entertainment
SYN315,7647.36,Apollo,doctor visit,Health
SYN316,6874.45,IRCTC,train ticket,Travel
SYN317,3563.35,Local Hotel,dosa breakfast,Food & Dining
SYN318,555.97,MedPlus,hospital bill,Health
SYN319,4176.18,PVR,movie ticket,Entertainment
SYN320,7340.97,Jio,gas bill,Utilities
SYN321,2807.14,IRCTC,payment,Travel
SYN322,1527.98,Uber,metro recharge,Transport
SYN323,1725.41,Ola,ola cab,Transport
SYN324,7829.86,OYO,flight booking,Travel
SYN325,854.72,IRCTC,hotel stay,Travel
SYN326,8405.22,Reliance Digital,payment,Electronics
SYN327,5191.66,Reliance Digital,charger buy,Electronics
SYN328,6479.49,Uber,ola cab,Transport
SYN329,2276.21,Salon,payment,Personal Care
SYN330,6391.47,Udemy,exam fee,Education
SYN331,6534.77,Ola,metro recharge,Transport
SYN332,7835.18,Mall,mall shopping,Shopping
SYN333,3145.83,Jio,wifi bill,Utilities
SYN334,5799.7,Nykaa,salon visit,Personal Care
SYN335,6570.13,Uber,uber ride,Transport
SYN336,5861.71,Local Hotel,dosa breakfast,Food & Dining
SYN337,1173.24,ATM,cash withdrawal,Other
SYN338,1385.47,Mall,amazon purchase,Shopping
SYN339,5860.76,MedPlus,pharmacy,Health
SYN340,4314.32,Jio,payment,Utilities
SYN341,7661.49,Swiggy,biryani order,Food & Dining
SYN342,9115.13,Jio,payment,Utilities
SYN343,1959.67,ATM,cash withdrawal,Other
SYN344,4570.0,Netflix,movie ticket,Entertainment
SYN345,6951.61,Jio,wifi bill,Utilities
SYN346,3602.09,Salon,salon visit,Personal Care
SYN347,7756.27,Bank,bank charges,Other
SYN348,9951.98,Reliance Digital,payment,Electronics
SYN349,2665.21,Apollo,medicine purchase,Health
SYN350,1064.69,Reliance Digital,laptop repair,Electronics
SYN351,8401.82,Zomato,swiggy delivery,Food & Dining
SYN352,864.45,MedPlus,doctor visit,Health
SYN353,3059.42,Nykaa,shampoo purchase,Personal Care
SYN354,6075.78,PVR,movie ticket,Entertainment
SYN355,1342.97,Mall,mall shopping,Shopping
SYN356,8319.35,Apollo,pharmacy,Health
SYN357,8135.87,Jio,electricity bill,Utilities
SYN358,6094.6,Nykaa,skincare products,Personal Care
SYN359,3440.64,Reliance Digital,payment,Electronics
SYN360,1470.28,College,course fee,Education
SYN361,9409.54,Croma,payment,Electronics
SYN362,6380.9,College,tuition fee,Education
SYN363,658.1,Flipkart,amazon purchase,Shopping
SYN364,108.82,Apollo,doctor visit,Health
SYN365,4275.51,Netflix,spotify premium,Entertainment
SYN366,8845.09,PVR,payment,Entertainment
SYN367,7156.48,Netflix,movie ticket,Entertainment
SYN368,4442.55,College,payment,Education
SYN369,1024.61,Nykaa,skincare products,Personal Care
SYN370,2497.78,Salon,salon visit,Personal Care
SYN371,5924.38,Swiggy,biryani order,Food & Dining
SYN372,3421.04,MedPlus,hospital bill,Health
SYN373,5987.14,Uber,metro recharge,Transport
SYN374,3930.38,Croma,payment,Electronics
SYN375,3701.83,Airtel,gas bill,Utilities
SYN376,6889.71,Nykaa,shampoo purchase,Personal Care
SYN377,5467.17,OYO,trip package,Travel
SYN378,7772.26,Ola,ola cab,Transport
SYN379,6946.6,Zomato,biryani order,Food & Dining
SYN380,6951.82,Reliance Digital,charger buy,Electronics
SYN381,4025.81,OYO,train ticket,Travel
SYN382,1043.79,Metro,metro recharge,Transport
SYN383,9137.64,Swiggy,payment,Food & Dining
SYN384,6911.29,College,tuition fee,Education
SYN385,8810.19,MedPlus,doctor visit,Health
SYN386,6419.86,Apollo,payment,Health
SYN387,1366.7,Flipkart,flipkart order,Shopping
SYN388,5734.58,Reliance Digital,laptop repair,Electronics
SYN389,2301.06,College,payment,Education
SYN390,6128.44,Salon,payment,Personal Care
SYN391,1445.43,Zomato,zomato order,Food & Dining
SYN392,8512.75,OYO,trip package,Travel
SYN393,9142.04,Reliance Digital,phone purchase,Electronics
SYN394,4552.31,Nykaa,salon visit,Personal Care
SYN395,6404.8,Bank,misc expense,Other
SYN396,5215.98,Udemy,course fee,Education
SYN397,2936.58,Swiggy,payment,Food & Dining
SYN398,3159.3,Ola,petrol refill,Transport
SYN399,6153.85,Udemy,payment,Education
SYN400,200.13,Netflix,netflix subscription,Entertainment
SYN401,4063.22,Zomato,swiggy delivery,Food & Dining
SYN402,4303.41,Local Hotel,payment,Food & Dining
SYN403,2419.03,Bank,cash withdrawal,Other
SYN404,7663.25,Udemy,books purchase,Education
SYN405,541.06,Apollo,pharmacy,Health
SYN406,5863.93,Metro,petrol refill,Transport
SYN407,7621.38,Ola,ola cab,Transport
SYN408,8874.1,Local Hotel,biryani order,Food & Dining
SYN409,8633.22,Bank,payment,Other
SYN410,4477.75,College,payment,Education
SYN411,3562.3,PVR,netflix subscription,Entertainment
SYN412,1944.96,Nykaa,skincare products,Personal Care
SYN413,1133.49,Zomato,zomato order,Food & Dining
SYN414,1907.61,Croma,payment,Electronics
SYN415,2294.35,Flipkart,amazon purchase,Shopping
SYN416,3132.57,MedPlus,doctor visit,Health
SYN417,6671.1,Amazon,amazon purchase,Shopping
SYN418,62.88,IRCTC,trip package,Travel
SYN419,8387.31,Bank,misc expense,Other
SYN420,8943.06,Swiggy,payment,Food & Dining
SYN421,1823.68,Udemy,books purchase,Education
SYN422,3260.83,Apollo,medicine purchase,Health
SYN423,6044.93,Reliance Digital,phone purchase,Electronics
SYN424,3661.55,Airtel,electricity bill,Utilities
SYN425,5413.33,Udemy,course fee,Education
SYN426,7897.25,Udemy,exam fee,Education
SYN427,9275.7,Udemy,payment,Education
SYN428,1632.25,Amazon,flipkart order,Shopping
SYN429,7379.53,Flipkart,payment,Shopping
SYN430,192.91,Croma,charger buy,Electronics
SYN431,1819.82,ATM,bank charges,Other
SYN432,9552.13,IRCTC,payment,Travel
SYN433,7645.69,Metro,payment,Transport
SYN434,5664.23,Apollo,hospital bill,Health
SYN435,7507.39,Electricity Board,mobile recharge,Utilities
SYN436,7263.27,Local Hotel,biryani order,Food & Dining
SYN437,5278.54,Croma,laptop repair,Electronics
SYN438,3517.12,Bank,payment,Other
SYN439,9159.97,Flipkart,amazon purchase,Shopping
SYN440,8644.47,Uber,uber ride,Transport
SYN441,691.6,ATM,misc expense,Other
SYN442,2074.18,OYO,hotel stay,Travel
SYN443,8552.23,Salon,skincare products,Personal Care
SYN444,9959.43,Nykaa,payment,Personal Care
SYN445,1722.3,Apollo,pharmacy,Health
SYN446,4426.85,Croma,phone purchase,Electronics
SYN447,2536.29,PVR,movie ticket,Entertainment
SYN448,124.81,IRCTC,hotel stay,Travel
SYN449,7550.88,PVR,netflix subscription,Entertainment
SYN450,5903.62,Ola,ola cab,Transport
SYN451,5378.29,Udemy,exam fee,Education
SYN452,6112.85,Nykaa,payment,Personal Care
SYN453,9599.9,Jio,mobile recharge,Utilities
SYN454,7791.16,Jio,payment,Utilities
SYN455,5379.54,College,exam fee,Education
SYN456,5886.99,Amazon,mall shopping,Shopping
SYN457,2726.23,OYO,train ticket,Travel
SYN458,4242.76,Mall,flipkart order,Shopping
SYN459,4046.92,ATM,cash withdrawal,Other
SYN460,8866.85,Bank,bank charges,Other
SYN461,5175.63,PVR,payment,Entertainment
SYN462,9998.88,MedPlus,payment,Health
SYN463,7414.31,Apollo,payment,Health
SYN464,672.17,Udemy,course fee,Education
SYN465,1115.06,IRCTC,train ticket,Travel
SYN466,9147.75,PVR,netflix subscription,Entertainment
SYN467,4168.28,Croma,charger buy,Electronics
SYN468,1691.88,MedPlus,pharmacy,Health
SYN469,5881.07,Nykaa,shampoo purchase,Personal Care
SYN470,5953.5,Reliance Digital,laptop repair,Electronics
SYN471,1882.69,Bank,cash withdrawal,Other
SYN472,7965.07,Reliance Digital,laptop repair,Electronics
SYN473,4043.96,Amazon,mall shopping,Shopping
SYN474,7326.62,Amazon,clothes shopping,Shopping
SYN475,8840.58,Flipkart,payment,Shopping
SYN476,4066.23,Bank,bank charges,Other
SYN477,4385.17,College,exam fee,Education
SYN478,8752.79,Uber,petrol refill,Transport
SYN479,455.51,Netflix,spotify premium,Entertainment
SYN480,3155.74,Salon,shampoo purchase,Personal Care
SYN481,981.53,OYO,trip package,Travel
SYN482,1705.46,ATM,cash withdrawal,Other
SYN483,6727.57,OYO,trip package,Travel
SYN484,3483.98,Apollo,pharmacy,Health
SYN485,3431.64,Apollo,payment,Health
SYN486,8775.37,Croma,charger buy,Electronics
SYN487,5813.71,Mall,flipkart order,Shopping
SYN488,9543.43,Reliance Digital,laptop repair,Electronics
SYN489,9818.87,Amazon,amazon purchase,Shopping
SYN490,5548.55,OYO,payment,Travel
SYN491,6097.02,Swiggy,payment,Food & Dining
SYN492,4031.47,Local Hotel,payment,Food & Dining
SYN493,1039.64,Nykaa,shampoo purchase,Personal Care
SYN494,7636.25,Croma,phone purchase,Electronics
SYN495,6097.2,Bank,cash withdrawal,Other
SYN496,4322.08,Netflix,netflix subscription,Entertainment
SYN497,7339.44,Bank,misc expense,Other
SYN498,8197.39,Local Hotel,dosa breakfast,Food & Dining
SYN499,455.52,MedPlus,medicine purchase,Health
SYN500,7512.18,Netflix,netflix subscription,Entertainment
SYN501,556.03,College,course fee,Education
SYN502,3254.61,Jio,payment,Utilities
SYN503,4390.77,Salon,payment,Personal Care
SYN504,3235.98,Electricity Board,gas bill,Utilities
SYN505,4282.92,Salon,shampoo purchase,Personal Care
SYN506,811.24,Udemy,course fee,Education
SYN507,4348.6,Jio,electricity bill,Utilities
SYN508,4176.08,PVR,spotify premium,Entertainment
SYN509,113.47,Nykaa,skincare products,Personal Care
SYN510,2302.62,PVR,spotify premium,Entertainment
SYN511,5958.08,OYO,flight booking,Travel
SYN512,3410.03,Croma,laptop repair,Electronics
SYN513,2729.5,Uber,metro recharge,Transport
SYN514,6399.59,IRCTC,hotel stay,Travel
SYN515,7535.93,Zomato,biryani order,Food & Dining
SYN516,3266.83,Netflix,payment,Entertainment
SYN517,6558.35,Salon,skincare products,Personal Care
SYN518,2357.4,IRCTC,trip package,Travel
SYN519,3484.89,Udemy,tuition fee,Education
SYN520,9034.89,IRCTC,train ticket,Travel
SYN521,4083.71,Electricity Board,payment,Utilities
SYN522,539.94,Salon,skincare products,Personal Care
SYN523,1825.67,Electricity Board,payment,Utilities
SYN524,7279.83,Flipkart,clothes shopping,Shopping
SYN525,3215.12,College,tuition fee,Education
SYN526,6337.37,College,exam fee,Education
SYN527,6915.41,Electricity Board,gas bill,Utilities
SYN528,255.9,OYO,trip package,Travel
SYN529,6785.11,Bank,cash withdrawal,Other
SYN530,6625.31,College,books purchase,Education
SYN531,4685.85,Metro,uber ride,Transport
SYN532,8622.22,Ola,uber ride,Transport
SYN533,2874.08,Uber,metro recharge,Transport
SYN534,7221.01,ATM,bank charges,Other
SYN535,8954.13,Electricity Board,mobile recharge,Utilities
SYN536,4624.54,MedPlus,doctor visit,Health
SYN537,1377.06,ATM,cash withdrawal,Other
SYN538,3569.08,Salon,shampoo purchase,Personal Care
SYN539,8205.6,Croma,phone purchase,Electronics
SYN540,7991.6,Udemy,course fee,Education
SYN541,8884.5,Electricity Board,payment,Utilities
SYN542,8011.52,OYO,hotel stay,Travel
SYN543,6633.41,ATM,misc expense,Other
SYN544,8676.6,Nykaa,payment,Personal Care
SYN545,4267.11,Bank,misc expense,Other
SYN546,9579.8,Salon,skincare products,Personal Care
SYN547,5836.95,Local Hotel,dosa breakfast,Food & Dining
SYN548,6735.92,Udemy,tuition fee,Education
SYN549,5251.26,Bank,cash withdrawal,Other
SYN550,5557.31,College,books purchase,Education
SYN551,5804.16,Airtel,electricity bill,Utilities
SYN552,8749.02,Apollo,hospital bill,Health
SYN553,6621.31,Ola,ola cab,Transport
SYN554,763.67,PVR,payment,Entertainment
SYN555,7982.72,Nykaa,salon visit,Personal Care
SYN556,1207.9,Metro,ola cab,Transport
SYN557,9971.45,Nykaa,shampoo purchase,Personal Care
SYN558,292.7,Netflix,movie ticket,Entertainment
SYN559,3800.78,MedPlus,doctor visit,Health
SYN560,5926.21,OYO,hotel stay,Travel
SYN561,2257.24,Salon,skincare products,Personal Care
SYN562,1723.91,OYO,train ticket,Travel
SYN563,3396.2,Flipkart,clothes shopping,Shopping
SYN564,3029.06,College,course fee,Education
SYN565,3080.1,Mall,payment,Shopping
SYN566,7928.66,Reliance Digital,phone purchase,Electronics
SYN567,6860.57,College,payment,Education
SYN568,3650.67,Bank,bank charges,Other
SYN569,8560.64,Bank,bank charges,Other
SYN570,1459.74,Udemy,payment,Education
SYN571,4042.11,Netflix,movie ticket,Entertainment
SYN572,3602.42,Amazon,payment,Shopping
SYN573,7289.95,Amazon,payment,Shopping
SYN574,1966.77,Mall,mall shopping,Shopping
SYN575,7960.63,Local Hotel,biryani order,Food & Dining
SYN576,1640.48,Croma,payment,Electronics
SYN577,6949.29,Amazon,payment,Shopping
SYN578,3630.31,PVR,spotify premium,Entertainment
SYN579,7306.04,Nykaa,salon visit,Personal Care
SYN580,1844.16,OYO,hotel stay,Travel
SYN581,6036.7,Metro,petrol refill,Transport
SYN582,1828.42,Airtel,gas bill,Utilities
SYN583,9783.14,Airtel,electricity bill,Utilities
SYN584,7708.8,Bank,misc expense,Other
SYN585,4755.08,Uber,petrol refill,Transport
SYN586,7977.97,Salon,skincare products,Personal Care
SYN587,9482.98,Ola,payment,Transport
SYN588,4587.89,ATM,misc expense,Other
SYN589,5391.73,Bank,misc expense,Other
SYN590,2599.57,College,tuition fee,Education
SYN591,1326.35,Uber,ola cab,Transport
SYN592,9403.5,Reliance Digital,charger buy,Electronics
SYN593,5381.38,OYO,trip package,Travel
SYN594,3554.05,Airtel,payment,Utilities
SYN595,5999.97,Swiggy,swiggy delivery,Food & Dining
SYN596,2078.86,Zomato,swiggy delivery,Food & Dining
SYN597,8282.19,College,books purchase,Education
SYN598,8679.94,Nykaa,shampoo purchase,Personal Care
SYN599,9409.68,Uber,payment,Transport
SYN600,7234.23,Reliance Digital,laptop repair,Electronics
SYN601,8882.39,Apollo,hospital bill,Health
SYN602,7862.19,Electricity Board,wifi bill,Utilities
SYN603,5556.03,Reliance Digital,charger buy,Electronics
SYN604,933.62,Apollo,payment,Health
SYN605,5080.74,Netflix,spotify premium,Entertainment
SYN606,6138.86,Netflix,movie ticket,Entertainment
SYN607,4346.96,Salon,shampoo purchase,Personal Care
SYN608,8588.16,Netflix,movie ticket,Entertainment
SYN609,1602.15,IRCTC,hotel stay,Travel
SYN610,4314.39,Udemy,payment,Education
SYN611,3006.41,Metro,ola cab,Transport
SYN612,5429.71,Netflix,movie ticket,Entertainment
SYN613,5116.86,Local Hotel,biryani order,Food & Dining
SYN614,165.0,Amazon,mall shopping,Shopping
SYN615,9707.59,Nykaa,salon visit,Personal Care
SYN616,3865.28,Reliance Digital,phone purchase,Electronics
SYN617,9797.82,Salon,payment,Personal Care
SYN618,587.33,Croma,payment,Electronics
SYN619,6809.86,Airtel,electricity bill,Utilities
SYN620,2497.59,Croma,laptop repair,Electronics
SYN621,5800.16,Salon,payment,Personal Care
SYN622,3350.23,PVR,spotify premium,Entertainment
SYN623,7772.95,Airtel,gas bill,Utilities
SYN624,9079.21,College,course fee,Education
SYN625,2580.33,Salon,payment,Personal Care
SYN626,8220.55,Metro,payment,Transport
SYN627,3882.96,Nykaa,shampoo purchase,Personal Care
SYN628,4702.24,Udemy,course fee,Education
SYN629,4590.18,OYO,train ticket,Travel
SYN630,3264.4,Airtel,gas bill,Utilities
SYN631,5922.17,Zomato,zomato order,Food & Dining
SYN632,1033.51,Electricity Board,payment,Utilities
SYN633,4610.48,Swiggy,swiggy delivery,Food & Dining
SYN634,7605.4,Netflix,spotify premium,Entertainment
SYN635,3290.26,Reliance Digital,charger buy,Electronics
SYN636,6913.31,Amazon,flipkart order,Shopping
SYN637,398.49,College,tuition fee,Education
SYN638,9846.68,Netflix,payment,Entertainment
SYN639,5792.56,Udemy,payment,Education
SYN640,7950.18,Amazon,flipkart order,Shopping
SYN641,1591.1,College,books purchase,Education
SYN642,462.96,Croma,charger buy,Electronics
SYN643,788.5,Amazon,payment,Shopping
SYN644,3361.54,IRCTC,payment,Travel
SYN645,8820.73,Electricity Board,payment,Utilities
SYN646,3410.43,Reliance Digital,charger buy,Electronics
SYN647,4720.78,Reliance Digital,laptop repair,Electronics
SYN648,2606.6,Bank,misc expense,Other
SYN649,7899.4,Reliance Digital,charger buy,Electronics
SYN650,1944.52,IRCTC,flight booking,Travel
SYN651,9711.23,Apollo,payment,Health
SYN652,5489.48,Netflix,netflix subscription,Entertainment
SYN653,4963.42,Jio,wifi bill,Utilities
SYN654,5294.85,Reliance Digital,payment,Electronics
SYN655,90.66,MedPlus,hospital bill,Health
SYN656,1514.01,Metro,petrol refill,Transport
SYN657,9828.69,Netflix,movie ticket,Entertainment
SYN658,1224.41,Electricity Board,mobile recharge,Utilities
SYN659,7760.85,Swiggy,swiggy delivery,Food & Dining
SYN660,5900.75,Salon,salon visit,Personal Care
SYN661,2791.78,Zomato,dosa breakfast,Food & Dining
SYN662,2133.25,IRCTC,train ticket,Travel
SYN663,2800.42,Electricity Board,mobile recharge,Utilities
SYN664,9097.85,College,tuition fee,Education
SYN665,7890.02,Amazon,flipkart order,Shopping
SYN666,2318.39,Netflix,movie ticket,Entertainment
SYN667,9181.04,Ola,uber ride,Transport
SYN668,7738.02,OYO,hotel stay,Travel
SYN669,5693.64,Uber,petrol refill,Transport
SYN670,6082.97,Uber,payment,Transport
SYN671,9595.35,IRCTC,flight booking,Travel
SYN672,7735.36,Croma,payment,Electronics
SYN673,4002.6,Netflix,netflix subscription,Entertainment
SYN674,2732.37,Mall,amazon purchase,Shopping
SYN675,7105.1,Airtel,electricity bill,Utilities
SYN676,425.87,Netflix,netflix subscription,Entertainment
SYN677,5278.83,Nykaa,shampoo purchase,Personal Care
SYN678,437.07,Netflix,spotify premium,Entertainment
SYN679,6832.78,Croma,payment,Electronics
SYN680,4719.99,Amazon,payment,Shopping
SYN681,353.64,Electricity Board,gas bill,Utilities
SYN682,3942.2,Airtel,electricity bill,Utilities
SYN683,9184.42,College,payment,Education
SYN684,771.39,Swiggy,swiggy delivery,Food & Dining
SYN685,2966.76,Flipkart,amazon purchase,Shopping
SYN686,3505.24,Jio,mobile recharge,Utilities
SYN687,7590.01,Reliance Digital,phone purchase,Electronics
SYN688,6328.06,Udemy,books purchase,Education
SYN689,3873.5,Amazon,payment,Shopping
SYN690,1185.41,Metro,petrol refill,Transport
SYN691,5304.94,Jio,gas bill,Utilities
SYN692,9359.82,Bank,cash withdrawal,Other
SYN693,1821.88,Salon,payment,Personal Care
SYN694,8290.69,MedPlus,medicine purchase,Health
SYN695,8193.19,PVR,spotify premium,Entertainment
SYN696,2271.12,ATM,cash withdrawal,Other
SYN697,9160.79,Bank,bank charges,Other
SYN698,8050.39,Local Hotel,zomato order,Food & Dining
SYN699,860.51,MedPlus,medicine purchase,Health
SYN700,3677.93,Croma,laptop repair,Electronics
SYN701,8387.17,College,payment,Education
SYN702,9980.84,Electricity Board,mobile recharge,Utilities
SYN703,1307.53,Udemy,course fee,Education
SYN704,3812.91,Udemy,course fee,Education
SYN705,1937.39,Uber,petrol refill,Transport
SYN706,7569.89,PVR,movie ticket,Entertainment
SYN707,3365.46,Metro,ola cab,Transport
SYN708,6362.93,Salon,shampoo purchase,Personal Care
SYN709,4457.13,MedPlus,pharmacy,Health
SYN710,9885.79,OYO,flight booking,Travel
SYN711,2885.98,Croma,charger buy,Electronics
SYN712,1521.37,Nykaa,skincare products,Personal Care
SYN713,4580.32,ATM,payment,Other
SYN714,9180.7,ATM,misc expense,Other
SYN715,3337.57,Zomato,zomato order,Food & Dining
SYN716,2501.35,Netflix,netflix subscription,Entertainment
SYN717,8395.79,PVR,netflix subscription,Entertainment
SYN718,923.27,Nykaa,shampoo purchase,Personal Care
SYN719,2543.88,MedPlus,pharmacy,Health
SYN720,4110.07,Zomato,zomato order,Food & Dining
SYN721,5244.66,Salon,shampoo purchase,Personal Care
SYN722,3684.3,Flipkart,payment,Shopping
SYN723,6548.48,Croma,charger buy,Electronics
SYN724,2054.93,Metro,metro recharge,Transport
SYN725,111.69,Swiggy,dosa breakfast,Food & Dining
SYN726,4592.31,Nykaa,salon visit,Personal Care
SYN727,9602.19,PVR,movie ticket,Entertainment
SYN728,2004.11,Apollo,medicine purchase,Health
SYN729,8241.42,Mall,mall shopping,Shopping
SYN730,6079.97,OYO,hotel stay,Travel
SYN731,9531.66,Metro,petrol refill,Transport
SYN732,1317.86,Jio,gas bill,Utilities
SYN733,2705.66,Jio,gas bill,Utilities
SYN734,6556.89,MedPlus,medicine purchase,Health
SYN735,8938.0,Airtel,electricity bill,Utilities
SYN736,3512.7,Ola,metro recharge,Transport
SYN737,605.48,Nykaa,payment,Personal Care
SYN738,3725.78,Airtel,payment,Utilities
SYN739,8925.62,Uber,uber ride,Transport
SYN740,3030.34,Metro,metro recharge,Transport
SYN741,7450.8,Mall,payment,Shopping
SYN742,9459.85,Netflix,spotify premium,Entertainment
SYN743,539.33,Apollo,doctor visit,Health
SYN744,9193.59,Zomato,biryani order,Food & Dining
SYN745,3222.74,Salon,payment,Personal Care
SYN746,7594.27,PVR,movie ticket,Entertainment
SYN747,6723.78,PVR,spotify premium,Entertainment
SYN748,9091.58,OYO,train ticket,Travel
SYN749,8053.27,Bank,bank charges,Other
SYN750,603.92,Electricity Board,electricity bill,Utilities
SYN751,1067.74,Jio,mobile recharge,Utilities
SYN752,6469.67,College,course fee,Education
SYN753,9846.83,IRCTC,train ticket,Travel
SYN754,7914.94,PVR,spotify premium,Entertainment
SYN755,9714.58,Reliance Digital,charger buy,Electronics
SYN756,6938.33,Electricity Board,gas bill,Utilities
SYN757,8345.68,Salon,salon visit,Personal Care
SYN758,8604.74,PVR,spotify premium,Entertainment
SYN759,3808.49,IRCTC,payment,Travel
SYN760,1648.26,College,tuition fee,Education
SYN761,2000.03,Metro,ola cab,Transport
SYN762,7697.6,Swiggy,biryani order,Food & Dining
SYN763,8105.91,Netflix,netflix subscription,Entertainment
SYN764,6090.46,Apollo,payment,Health
SYN765,9530.32,Udemy,tuition fee,Education
SYN766,2180.51,Jio,payment,Utilities
SYN767,594.65,Udemy,course fee,Education
SYN768,3742.77,Mall,mall shopping,Shopping
SYN769,5064.67,OYO,train ticket,Travel
SYN770,4767.84,Flipkart,flipkart order,Shopping
SYN771,2190.65,IRCTC,train ticket,Travel
SYN772,8761.03,OYO,flight booking,Travel
SYN773,9695.14,PVR,movie ticket,Entertainment
SYN774,7288.67,Electricity Board,wifi bill,Utilities
SYN775,4662.21,PVR,payment,Entertainment
SYN776,4515.6,Jio,mobile recharge,Utilities
SYN777,6727.52,Salon,payment,Personal Care
SYN778,4370.2,IRCTC,flight booking,Travel
SYN779,4860.65,PVR,payment,Entertainment
SYN780,523.48,ATM,misc expense,Other
SYN781,380.19,ATM,misc expense,Other
SYN782,2951.11,ATM,bank charges,Other
SYN783,7696.4,Netflix,spotify premium,Entertainment
SYN784,4267.04,PVR,netflix subscription,Entertainment
SYN785,7980.56,College,tuition fee,Education
SYN786,5556.74,ATM,cash withdrawal,Other
SYN787,2308.37,IRCTC,hotel stay,Travel
SYN788,4747.93,Reliance Digital,phone purchase,Electronics
SYN789,1586.71,Reliance Digital,laptop repair,Electronics
SYN790,3866.59,OYO,payment,Travel
SYN791,3599.27,Swiggy,biryani order,Food & Dining
SYN792,3862.75,IRCTC,payment,Travel
SYN793,4392.15,Bank,cash withdrawal,Other
SYN794,8792.87,Netflix,payment,Entertainment
SYN795,7727.9,Salon,salon visit,Personal Care
SYN796,7095.91,Apollo,medicine purchase,Health
SYN797,4157.17,Amazon,payment,Shopping
SYN798,686.15,Mall,mall shopping,Shopping
SYN799,1620.46,Udemy,books purchase,Education
SYN800,7668.93,Uber,metro recharge,Transport
SYN801,6389.54,Zomato,swiggy delivery,Food & Dining
SYN802,5312.35,Salon,skincare products,Personal Care
SYN803,4098.23,Airtel,mobile recharge,Utilities
SYN804,6340.92,Electricity Board,mobile recharge,Utilities
SYN805,8306.83,PVR,spotify premium,Entertainment
SYN806,5689.24,Airtel,electricity bill,Utilities
SYN807,4963.63,MedPlus,doctor visit,Health
SYN808,9657.13,OYO,flight booking,Travel
SYN809,7574.98,IRCTC,hotel stay,Travel
SYN810,2484.84,Bank,bank charges,Other
SYN811,6153.19,PVR,movie ticket,Entertainment
SYN812,5063.68,Salon,salon visit,Personal Care
SYN813,8264.76,IRCTC,payment,Travel
SYN814,813.72,Zomato,swiggy delivery,Food & Dining
SYN815,1129.44,Uber,uber ride,Transport
SYN816,8408.47,OYO,hotel stay,Travel
SYN817,3118.97,Reliance Digital,charger buy,Electronics
SYN818,6173.1,MedPlus,payment,Health
SYN819,4026.4,Jio,gas bill,Utilities
SYN820,9717.76,Bank,misc expense,Other
SYN821,9049.56,Netflix,spotify premium,Entertainment
SYN822,3687.54,Apollo,hospital bill,Health
SYN823,9673.56,Nykaa,payment,Personal Care
SYN824,5533.14,Uber,uber ride,Transport
SYN825,9831.53,Croma,charger buy,Electronics
SYN826,5275.02,Salon,shampoo purchase,Personal Care
SYN827,3010.01,Swiggy,swiggy delivery,Food & Dining
SYN828,8118.43,Udemy,tuition fee,Education
SYN829,516.75,OYO,trip package,Travel
SYN830,8546.53,Bank,cash withdrawal,Other
SYN831,6561.34,Amazon,payment,Shopping
SYN832,8258.41,Amazon,amazon purchase,Shopping
SYN833,6946.02,OYO,hotel stay,Travel
SYN834,2699.86,Metro,payment,Transport
SYN835,8661.0,Bank,payment,Other
SYN836,6618.88,Jio,payment,Utilities
SYN837,7312.69,MedPlus,hospital bill,Health
SYN838,6444.81,Bank,payment,Other
SYN839,850.51,Bank,bank charges,Other
SYN840,8000.38,Bank,bank charges,Other
SYN841,543.93,College,payment,Education
SYN842,5364.11,Salon,shampoo purchase,Personal Care
SYN843,575.6,Nykaa,skincare products,Personal Care
SYN844,6549.15,Local Hotel,payment,Food & Dining
SYN845,8893.09,Amazon,amazon purchase,Shopping
SYN846,4537.58,Electricity Board,payment,Utilities
SYN847,7771.77,ATM,bank charges,Other
SYN848,8928.59,Local Hotel,payment,Food & Dining
SYN849,7975.55,PVR,payment,Entertainment
SYN850,3440.84,Apollo,doctor visit,Health
SYN851,7385.45,Netflix,spotify premium,Entertainment
SYN852,7896.75,Salon,skincare products,Personal Care
SYN853,3165.49,Swiggy,biryani order,Food & Dining
SYN854,2093.43,Local Hotel,zomato order,Food & Dining
SYN855,2497.96,Nykaa,skincare products,Personal Care
SYN856,5323.44,Croma,phone purchase,Electronics
SYN857,6416.32,Nykaa,shampoo purchase,Personal Care
SYN858,8943.0,Swiggy,payment,Food & Dining
SYN859,4775.73,IRCTC,train ticket,Travel
SYN860,7562.81,Local Hotel,swiggy delivery,Food & Dining
SYN861,7513.81,Nykaa,salon visit,Personal Care
SYN862,7817.84,ATM,bank charges,Other
SYN863,1677.64,Zomato,biryani order,Food & Dining
SYN864,9245.2,ATM,misc expense,Other
SYN865,1501.46,Netflix,payment,Entertainment
SYN866,4187.31,Mall,flipkart order,Shopping
SYN867,672.72,Udemy,books purchase,Education
SYN868,2460.97,Jio,wifi bill,Utilities
SYN869,5393.75,Electricity Board,mobile recharge,Utilities
SYN870,3850.68,IRCTC,train ticket,Travel
SYN871,4279.84,Udemy,payment,Education
SYN872,7468.6,ATM,bank charges,Other
SYN873,3652.24,PVR,movie ticket,Entertainment
SYN874,6506.35,Local Hotel,payment,Food & Dining
SYN875,1567.42,IRCTC,train ticket,Travel
SYN876,7938.7,Swiggy,payment,Food & Dining
SYN877,7711.04,Salon,shampoo purchase,Personal Care
SYN878,270.33,IRCTC,hotel stay,Travel
SYN879,336.56,Salon,skincare products,Personal Care
SYN880,5019.28,Bank,bank charges,Other
SYN881,689.56,Ola,ola cab,Transport
SYN882,6857.08,IRCTC,trip package,Travel
SYN883,4848.08,Ola,uber ride,Transport
SYN884,5226.09,Udemy,exam fee,Education
SYN885,374.55,Metro,metro recharge,Transport
SYN886,8640.76,PVR,netflix subscription,Entertainment
SYN887,7321.59,Reliance Digital,laptop repair,Electronics
SYN888,9761.85,Bank,payment,Other
SYN889,4372.77,Croma,laptop repair,Electronics
SYN890,221.31,MedPlus,hospital bill,Health
SYN891,9143.63,Mall,clothes shopping,Shopping
SYN892,8540.76,Electricity Board,mobile recharge,Utilities
SYN893,1644.06,Local Hotel,biryani order,Food & Dining
SYN894,4585.06,Metro,petrol refill,Transport
SYN895,7031.7,MedPlus,doctor visit,Health
SYN896,5911.73,Amazon,flipkart order,Shopping
SYN897,6509.17,Udemy,course fee,Education
SYN898,9362.44,Amazon,flipkart order,Shopping
SYN899,3448.61,Metro,metro recharge,Transport
SYN900,3382.32,Ola,ola cab,Transport
SYN901,5073.46,Nykaa,salon visit,Personal Care
SYN902,1913.04,Uber,ola cab,Transport
SYN903,7188.12,Salon,skincare products,Personal Care
SYN904,557.74,Local Hotel,swiggy delivery,Food & Dining
SYN905,3767.04,PVR,movie ticket,Entertainment
SYN906,286.33,Jio,electricity bill,Utilities
SYN907,4194.05,Local Hotel,dosa breakfast,Food & Dining
SYN908,3634.66,Ola,metro recharge,Transport
SYN909,6570.06,Nykaa,payment,Personal Care
SYN910,3281.29,Zomato,payment,Food & Dining
SYN911,2204.07,Flipkart,amazon purchase,Shopping
SYN912,9569.2,ATM,payment,Other
SYN913,8428.12,College,books purchase,Education
SYN914,3045.64,Netflix,movie ticket,Entertainment
SYN915,2704.81,Airtel,payment,Utilities
SYN916,2391.22,OYO,train ticket,Travel
SYN917,6536.3,Apollo,doctor visit,Health
SYN918,9657.44,Salon,shampoo purchase,Personal Care
SYN919,5987.92,Bank,cash withdrawal,Other
SYN920,1594.09,ATM,cash withdrawal,Other
SYN921,4286.53,Airtel,mobile recharge,Utilities
SYN922,4155.16,Uber,petrol refill,Transport
SYN923,8390.18,Local Hotel,swiggy delivery,Food & Dining
SYN924,6441.13,Electricity Board,electricity bill,Utilities
SYN925,752.8,Croma,laptop repair,Electronics
SYN926,9693.24,Local Hotel,zomato order,Food & Dining
SYN927,652.43,Udemy,course fee,Education
SYN928,5235.3,Apollo,pharmacy,Health
SYN929,2152.3,Mall,flipkart order,Shopping
SYN930,3499.67,Nykaa,shampoo purchase,Personal Care
SYN931,7225.14,Zomato,swiggy delivery,Food & Dining
SYN932,6990.95,PVR,movie ticket,Entertainment
SYN933,3615.88,Mall,clothes shopping,Shopping
SYN934,5549.49,Flipkart,payment,Shopping
SYN935,2746.88,Udemy,exam fee,Education
SYN936,6414.57,Swiggy,dosa breakfast,Food & Dining
SYN937,2157.37,Salon,skincare products,Personal Care
SYN938,4007.67,Electricity Board,mobile recharge,Utilities
SYN939,4128.15,PVR,spotify premium,Entertainment
SYN940,7757.69,College,course fee,Education
SYN941,5264.93,Reliance Digital,charger buy,Electronics
SYN942,1871.48,Electricity Board,gas bill,Utilities
SYN943,7144.39,OYO,trip package,Travel
SYN944,365.4,Croma,payment,Electronics
SYN945,985.94,ATM,cash withdrawal,Other
SYN946,2915.56,Jio,mobile recharge,Utilities
SYN947,8625.22,Apollo,pharmacy,Health
SYN948,2722.48,Mall,clothes shopping,Shopping
SYN949,3687.75,Uber,payment,Transport
SYN950,7935.05,IRCTC,hotel stay,Travel
SYN951,214.18,OYO,payment,Travel
SYN952,3688.91,Amazon,clothes shopping,Shopping
SYN953,639.42,Croma,payment,Electronics
SYN954,5979.92,Bank,bank charges,Other
SYN955,2221.02,College,tuition fee,Education
SYN956,3092.56,Flipkart,clothes shopping,Shopping
SYN957,6029.96,Metro,payment,Transport
SYN958,5583.91,Uber,payment,Transport
SYN959,466.95,College,payment,Education
SYN960,7690.01,Metro,uber ride,Transport
SYN961,2322.47,Ola,uber ride,Transport
SYN962,2290.61,Uber,petrol refill,Transport
SYN963,7870.86,Electricity Board,mobile recharge,Utilities
SYN964,5315.87,PVR,payment,Entertainment
SYN965,3133.83,Apollo,doctor visit,Health
SYN966,3085.59,Electricity Board,wifi bill,Utilities
SYN967,2753.92,Flipkart,clothes shopping,Shopping
SYN968,8917.81,OYO,trip package,Travel
SYN969,3916.52,Amazon,flipkart order,Shopping
SYN970,8593.08,MedPlus,payment,Health
SYN971,5840.7,Udemy,tuition fee,Education
SYN972,2151.75,Electricity Board,mobile recharge,Utilities
SYN973,9837.37,Netflix,netflix subscription,Entertainment
SYN974,238.42,Zomato,dosa breakfast,Food & Dining
SYN975,425.61,Ola,payment,Transport
SYN976,864.58,Croma,laptop repair,Electronics
SYN977,9919.66,College,payment,Education
SYN978,5823.1,Apollo,doctor visit,Health
SYN979,3171.11,Flipkart,payment,Shopping
SYN980,7261.32,College,books purchase,Education
SYN981,3375.04,Netflix,netflix subscription,Entertainment
SYN982,8106.56,PVR,payment,Entertainment
SYN983,9092.7,Reliance Digital,charger buy,Electronics
SYN984,3706.72,IRCTC,flight booking,Travel
SYN985,2561.53,Udemy,payment,Education
SYN986,4786.95,Ola,petrol refill,Transport
SYN987,6911.42,Bank,cash withdrawal,Other
SYN988,5173.96,Zomato,swiggy delivery,Food & Dining
SYN989,3181.39,Reliance Digital,payment,Electronics
SYN990,5341.81,Electricity Board,wifi bill,Utilities
SYN991,6696.07,Jio,wifi bill,Utilities
SYN992,9041.52,Bank,payment,Other
SYN993,3755.43,ATM,bank charges,Other
SYN994,4367.3,Flipkart,amazon purchase,Shopping
SYN995,9191.95,PVR,payment,Entertainment
SYN996,3025.5,Swiggy,zomato order,Food & Dining
SYN997,2058.31,Flipkart,flipkart order,Shopping
SYN998,2450.54,PVR,spotify premium,Entertainment
SYN999,9412.12,Udemy,tuition fee,Education
SYN1000,9948.04,Apollo,payment,Health
SYN1001,9629.21,Jio,wifi bill,Utilities
SYN1002,773.03,Jio,gas bill,Utilities
SYN1003,9919.74,OYO,trip package,Travel
SYN1004,63.84,Flipkart,payment,Shopping
SYN1005,5075.28,Bank,cash withdrawal,Other
SYN1006,9785.5,Udemy,tuition fee,Education
SYN1007,9099.96,Reliance Digital,laptop repair,Electronics
SYN1008,5776.63,Netflix,payment,Entertainment
SYN1009,8224.34,ATM,misc expense,Other
SYN1010,7221.59,IRCTC,trip package,Travel
SYN1011,1802.61,Udemy,tuition fee,Education
SYN1012,2436.1,Zomato,payment,Food & Dining
SYN1013,6547.43,Zomato,dosa breakfast,Food & Dining
SYN1014,1255.45,MedPlus,doctor visit,Health
SYN1015,3053.0,Uber,metro recharge,Transport
SYN1016,1078.71,Ola,payment,Transport
SYN1017,696.25,OYO,trip package,Travel
SYN1018,1231.1,OYO,hotel stay,Travel
SYN1019,8326.95,Zomato,payment,Food & Dining
SYN1020,9631.75,Electricity Board,gas bill,Utilities
SYN1021,3766.1,Croma,phone purchase,Electronics
SYN1022,3222.44,ATM,cash withdrawal,Other
SYN1023,1404.38,Amazon,amazon purchase,Shopping
SYN1024,5137.79,Nykaa,skincare products,Personal Care
SYN1025,157.81,Netflix,spotify premium,Entertainment
SYN1026,3717.19,Jio,wifi bill,Utilities
SYN1027,6842.11,Udemy,course fee,Education
SYN1028,5637.89,Amazon,flipkart order,Shopping
SYN1029,6924.29,PVR,movie ticket,Entertainment
SYN1030,161.68,Apollo,pharmacy,Health
SYN1031,4243.65,Apollo,doctor visit,Health
SYN1032,9633.18,Electricity Board,payment,Utilities
SYN1033,1457.32,College,course fee,Education
SYN1034,1574.24,College,books purchase,Education
SYN1035,9889.94,Jio,gas bill,Utilities
SYN1036,5945.45,Flipkart,payment,Shopping
SYN1037,2007.76,Croma,payment,Electronics
SYN1038,9067.96,PVR,netflix subscription,Entertainment
SYN1039,8090.99,Apollo,hospital bill,Health
SYN1040,6487.82,Local Hotel,biryani order,Food & Dining
SYN1041,3515.05,Jio,gas bill,Utilities
SYN1042,9434.76,Croma,charger buy,Electronics
SYN1043,1577.72,ATM,bank charges,Other
SYN1044,2768.4,Netflix,movie ticket,Entertainment
SYN1045,2044.07,Uber,uber ride,Transport
SYN1046,1274.31,OYO,train ticket,Travel
SYN1047,8048.77,Local Hotel,zomato order,Food & Dining
SYN1048,5241.16,College,payment,Education
SYN1049,9705.7,Uber,uber ride,Transport
SYN1050,6243.69,Netflix,spotify premium,Entertainment
SYN1051,3880.12,Reliance Digital,phone purchase,Electronics
SYN1052,6393.83,Metro,metro recharge,Transport
SYN1053,5725.88,MedPlus,hospital bill,Health
SYN1054,411.43,PVR,netflix subscription,Entertainment
SYN1055,2431.89,Flipkart,payment,Shopping
SYN1056,1803.87,Reliance Digital,laptop repair,Electronics
SYN1057,8246.64,Jio,payment,Utilities
SYN1058,7466.8,Electricity Board,payment,Utilities
SYN1059,6552.42,Mall,flipkart order,Shopping
SYN1060,2023.02,ATM,payment,Other
SYN1061,7355.56,Reliance Digital,payment,Electronics
SYN1062,5196.1,OYO,flight booking,Travel
SYN1063,3826.83,Zomato,payment,Food & Dining
SYN1064,3153.12,IRCTC,trip package,Travel
SYN1065,7948.85,PVR,spotify premium,Entertainment
SYN1066,5108.41,Swiggy,payment,Food & Dining
SYN1067,6749.61,College,books purchase,Education
SYN1068,3376.45,MedPlus,hospital bill,Health
SYN1069,9822.76,Ola,petrol refill,Transport
SYN1070,6122.14,Uber,ola cab,Transport
SYN1071,3027.4,Apollo,doctor visit,Health
SYN1072,406.54,ATM,misc expense,Other
SYN1073,2342.58,Udemy,exam fee,Education
SYN1074,6214.06,OYO,flight booking,Travel
SYN1075,7693.29,Udemy,tuition fee,Education
SYN1076,4468.61,Udemy,exam fee,Education
SYN1077,5804.02,Netflix,netflix subscription,Entertainment
SYN1078,3753.71,Bank,cash withdrawal,Other
SYN1079,9901.33,Zomato,payment,Food & Dining
SYN1080,7798.61,Zomato,zomato order,Food & Dining
SYN1081,2945.16,Flipkart,clothes shopping,Shopping
SYN1082,6158.16,OYO,payment,Travel
SYN1083,1848.06,Netflix,movie ticket,Entertainment
SYN1084,2311.97,Local Hotel,payment,Food & Dining
SYN1085,6363.61,ATM,cash withdrawal,Other
SYN1086,896.64,Mall,mall shopping,Shopping
SYN1087,7492.61,Uber,metro recharge,Transport
SYN1088,4278.77,Bank,cash withdrawal,Other
SYN1089,9561.62,Salon,skincare products,Personal Care
SYN1090,162.04,Bank,payment,Other
SYN1091,6524.82,OYO,train ticket,Travel
SYN1092,7452.69,Nykaa,shampoo purchase,Personal Care
SYN1093,4670.15,Croma,charger buy,Electronics
SYN1094,5476.21,Reliance Digital,payment,Electronics
SYN1095,5068.32,Mall,amazon purchase,Shopping
SYN1096,4205.68,Udemy,course fee,Education
SYN1097,9316.51,Metro,uber ride,Transport
SYN1098,5143.54,ATM,payment,Other
SYN1099,7194.62,Nykaa,shampoo purchase,Personal Care
SYN1100,3884.16,MedPlus,pharmacy,Health
SYN1101,3324.44,Salon,shampoo purchase,Personal Care
SYN1102,3261.79,MedPlus,hospital bill,Health
SYN1103,6501.61,IRCTC,hotel stay,Travel
SYN1104,3637.29,Netflix,payment,Entertainment
SYN1105,5473.3,IRCTC,train ticket,Travel
SYN1106,966.91,Metro,payment,Transport
SYN1107,9564.42,Udemy,exam fee,Education
SYN1108,7766.72,Zomato,dosa breakfast,Food & Dining
SYN1109,9200.41,Nykaa,salon visit,Personal Care
SYN1110,1161.94,Airtel,payment,Utilities
SYN1111,2267.57,Swiggy,biryani order,Food & Dining
SYN1112,6488.62,MedPlus,doctor visit,Health
SYN1113,1340.53,Salon,payment,Personal Care
SYN1114,7201.25,IRCTC,flight booking,Travel
SYN1115,6556.68,OYO,train ticket,Travel
SYN1116,543.03,Salon,skincare products,Personal Care
SYN1117,2834.33,Uber,petrol refill,Transport
SYN1118,95.75,ATM,misc expense,Other
SYN1119,9579.94,Netflix,movie ticket,Entertainment
SYN1120,1109.44,Udemy,course fee,Education
SYN1121,9277.61,MedPlus,hospital bill,Health
SYN1122,765.82,Zomato,zomato order,Food & Dining
SYN1123,3851.37,Ola,ola cab,Transport
SYN1124,1370.89,Bank,cash withdrawal,Other
SYN1125,1047.12,Croma,phone purchase,Electronics
SYN1126,4849.84,ATM,payment,Other
SYN1127,4517.81,Bank,misc expense,Other
SYN1128,5691.49,Zomato,biryani order,Food & Dining
SYN1129,7201.57,College,books purchase,Education
SYN1130,4438.3,Nykaa,salon visit,Personal Care
SYN1131,2959.8,Electricity Board,electricity bill,Utilities
SYN1132,2431.72,Reliance Digital,charger buy,Electronics
SYN1133,5739.91,Jio,payment,Utilities
SYN1134,108.3,Udemy,exam fee,Education
SYN1135,854.25,Jio,gas bill,Utilities
SYN1136,8237.56,Jio,wifi bill,Utilities
SYN1137,6953.63,Flipkart,clothes shopping,Shopping
SYN1138,3979.24,Netflix,netflix subscription,Entertainment
SYN1139,6042.06,Reliance Digital,laptop repair,Electronics
SYN1140,7342.46,College,payment,Education
SYN1141,7088.1,Electricity Board,wifi bill,Utilities
SYN1142,1999.74,Netflix,payment,Entertainment
SYN1143,8159.44,Flipkart,flipkart order,Shopping
SYN1144,4000.86,OYO,payment,Travel
SYN1145,9013.17,Croma,phone purchase,Electronics
SYN1146,1025.02,Netflix,spotify premium,Entertainment
SYN1147,5016.63,Local Hotel,biryani order,Food & Dining
SYN1148,9760.23,Nykaa,payment,Personal Care
SYN1149,6079.19,Amazon,amazon purchase,Shopping
SYN1150,8029.19,College,exam fee,Education
SYN1151,4862.66,Apollo,doctor visit,Health
SYN1152,7712.26,Mall,mall shopping,Shopping
SYN1153,6514.43,OYO,payment,Travel
SYN1154,5682.34,IRCTC,trip package,Travel
SYN1155,381.22,Nykaa,skincare products,Personal Care
SYN1156,2110.1,Amazon,mall shopping,Shopping
SYN1157,4125.97,Reliance Digital,payment,Electronics
SYN1158,7500.94,Swiggy,payment,Food & Dining
SYN1159,6647.73,Flipkart,flipkart order,Shopping
SYN1160,3396.06,Croma,laptop repair,Electronics
SYN1161,2575.42,Jio,gas bill,Utilities
SYN1162,8293.97,ATM,payment,Other
SYN1163,6002.66,Uber,metro recharge,Transport
SYN1164,4448.52,Apollo,medicine purchase,Health
SYN1165,179.98,Bank,bank charges,Other
SYN1166,1936.04,Netflix,spotify premium,Entertainment
SYN1167,5482.33,Bank,cash withdrawal,Other
SYN1168,4330.98,Salon,shampoo purchase,Personal Care
SYN1169,8847.09,Local Hotel,biryani order,Food & Dining
SYN1170,3168.77,Zomato,zomato order,Food & Dining
SYN1171,8154.23,OYO,train ticket,Travel
SYN1172,9704.11,Salon,shampoo purchase,Personal Care
SYN1173,1971.07,Airtel,gas bill,Utilities
SYN1174,1853.07,Metro,payment,Transport
SYN1175,366.05,Nykaa,payment,Personal Care
SYN1176,5970.04,Croma,payment,Electronics
SYN1177,181.45,Nykaa,payment,Personal Care
SYN1178,3769.1,Bank,misc expense,Other
SYN1179,8970.94,Uber,metro recharge,Transport
SYN1180,2480.96,Electricity Board,mobile recharge,Utilities
SYN1181,5365.95,Swiggy,dosa breakfast,Food & Dining
SYN1182,3667.65,Metro,payment,Transport
SYN1183,464.48,Airtel,mobile recharge,Utilities
SYN1184,5936.06,Udemy,payment,Education
SYN1185,4624.36,Bank,payment,Other
SYN1186,9390.59,Local Hotel,swiggy delivery,Food & Dining
SYN1187,1504.55,MedPlus,payment,Health
SYN1188,1949.75,Ola,ola cab,Transport
SYN1189,9221.46,Jio,gas bill,Utilities
SYN1190,8255.54,Salon,payment,Personal Care
SYN1191,759.27,Nykaa,skincare products,Personal Care
SYN1192,8859.94,Uber,metro recharge,Transport
SYN1193,6862.05,Salon,shampoo purchase,Personal Care
SYN1194,7017.67,Udemy,books purchase,Education
SYN1195,1352.32,Mall,clothes shopping,Shopping
SYN1196,7449.48,Amazon,flipkart order,Shopping
SYN1197,7213.07,Udemy,tuition fee,Education
SYN1198,1709.4,Croma,payment,Electronics
SYN1199,5887.63,IRCTC,hotel stay,Travel
